"CountyID","CountyName","ReferralYear","Rate","LabelLongitude","LabelLatitude","RateRank"
1,"Adair",2007,1.61,-94.6641458915974,35.9069668367649,120
2,"Alfalfa",2007,1.36,-98.32320857933,36.7309255630188,96.5
3,"Atoka",2007,1.41,-96.0420499703509,34.3809870625568,103
4,"Beaver",2007,NA,-100.474745176143,36.7458468405142,433
5,"Beckham",2007,1.56,-99.686661710574,35.2696357540839,117
6,"Blaine",2007,4.07,-98.4243959224942,35.8688113906142,361.5
7,"Bryan",2007,2.14,-96.2558008293072,33.9616831096468,203
8,"Caddo",2007,1.55,-98.3718783669626,35.177793720151,115
9,"Canadian",2007,2.6,-97.9753768794938,35.5340567548489,245.5
10,"Carter",2007,5.66,-97.2729492125733,34.2546712262712,405
11,"Cherokee",2007,3.31,-95.0103824561735,35.9355360744063,318.5
12,"Choctaw",2007,4.85,-95.5473573813567,34.0538123875066,389
13,"Cimarron",2007,0,-102.512063683289,36.7373650133402,14
14,"Cleveland",2007,2.53,-97.3299363042633,35.2012061949784,243
15,"Coal",2007,3.41,-96.2861224539074,34.5953455038142,328.5
16,"Comanche",2007,1.82,-98.4691943985634,34.6655369286933,150
17,"Cotton",2007,9.35,-98.368786919333,34.2918378918678,430
18,"Craig",2007,1.77,-95.2160886407782,36.7853186104569,146.5
19,"Creek",2007,2.65,-96.3651747616148,35.8984115595445,256.5
20,"Custer",2007,2.8,-98.9947255933091,35.6355925726426,277.5
21,"Delaware",2007,1.5,-94.8114064665649,36.4330750413896,109.5
22,"Dewey",2007,5.88,-99.0026276338638,35.9860641060811,412
23,"Ellis",2007,0,-99.7541920843861,36.2085544939542,14
24,"Garfield",2007,1.9,-97.7785191348422,36.3678657387894,160
25,"Garvin",2007,2.12,-97.3023768608149,34.7103145563251,199.5
26,"Grady",2007,2.42,-97.8800824410339,35.0140335742845,232
27,"Grant",2007,3.34,-97.7845052708135,36.7906959570334,324.5
28,"Greer",2007,5.99,-99.5593444200064,34.9427664878966,416
29,"Harmon",2007,NA,-99.8462629867067,34.7474029014696,434
30,"Harper",2007,NA,-99.6718629310338,36.7775045477641,435
31,"Haskell",2007,2.03,-95.1194074966018,35.2553093637869,179
32,"Hughes",2007,3.36,-96.2384521145052,35.0526183366767,326.5
33,"Jackson",2007,2.21,-99.4153765114804,34.5917941766762,213.5
34,"Jefferson",2007,1.68,-97.8233420069576,34.1110896977992,131
35,"Johnston",2007,2.11,-96.6493986247792,34.3187259845145,197
36,"Kay",2007,0.9,-97.1487308209393,36.8197603838225,63
37,"Kingfisher",2007,0.55,-97.9367093480735,35.934131116842,41
38,"Kiowa",2007,0.98,-98.9722460102744,34.9187670789366,64.5
39,"Latimer",2007,2.1,-95.2557710119632,34.9067885471894,191.5
40,"Le Flore",2007,0.69,-94.7111774971803,34.9299511687652,48
41,"Lincoln",2007,2.97,-96.8794645451841,35.69193772589,293.5
42,"Logan",2007,0.37,-97.4379547025155,35.9055803786812,35
43,"Love",2007,1.05,-97.2337960481928,34.0006399600389,73
47,"Major",2007,4.42,-98.524560069483,36.3106916876361,375
48,"Marshall",2007,2.73,-96.7563551232226,34.0264118585759,268.5
49,"Mayes",2007,2.67,-95.2377239906663,36.3337424158728,262.5
44,"McClain",2007,2.23,-97.4331745941108,35.0031201393918,219
45,"McCurtain",2007,2.28,-94.7840344331028,34.1452341840507,221
46,"McIntosh",2007,4.65,-95.6644800921539,35.398840067242,380.5
50,"Murray",2007,3,-97.0572913816591,34.4888457946869,297.5
51,"Muskogee",2007,2.62,-95.3855658011359,35.6427027662025,249.5
52,"Noble",2007,4.41,-97.2279763724569,36.3855065817112,374
53,"Nowata",2007,1.76,-95.6260913238725,36.8198423472456,143
54,"Okfuskee",2007,3.59,-96.3097295106855,35.4641810903221,340
55,"Oklahoma",2007,2.94,-97.4049770992058,35.5394523331614,290.5
56,"Okmulgee",2007,4.06,-95.9607718994239,35.6570209142237,359
57,"Osage",2007,2.24,-96.4045798127983,36.634052844886,220
58,"Ottawa",2007,2.14,-94.8180540321859,36.8552992868479,203
59,"Pawnee",2007,2.91,-96.6990049468818,36.3168088803122,287
60,"Payne",2007,1.95,-96.9751478239377,36.0693458141458,169
61,"Pittsburg",2007,2.73,-95.7439797251411,34.9488015969789,268.5
62,"Pontotoc",2007,5.13,-96.674562329413,34.7307576005793,396
63,"Pottawatomie",2007,1.67,-96.9445206954569,35.3015638806384,128.5
64,"Pushmataha",2007,3.5,-95.3842741209906,34.4497873058268,336
65,"Roger Mills",2007,NA,-99.6999273109391,35.6831343827393,436
66,"Rogers",2007,2.49,-95.6121330018314,36.3979046759883,238
67,"Seminole",2007,5.37,-96.6001413613621,35.1681506005071,400
68,"Sequoyah",2007,0.54,-94.760490800755,35.5205440172208,38.5
69,"Stephens",2007,2.49,-97.8463715950095,34.4843230918468,238
70,"Texas",2007,1.01,-101.477803361668,36.7450721534074,67
71,"Tillman",2007,NA,-98.921205231615,34.3753490926514,437
72,"Tulsa",2007,2.94,-95.9428049690609,36.1338366907781,290.5
73,"Wagoner",2007,2.69,-95.5384179113774,35.9858739766272,265.5
74,"Washington",2007,3.75,-95.9132782566878,36.7270298442834,350
75,"Washita",2007,1.19,-98.9917075036666,35.2907305029854,85.5
76,"Woods",2007,3.69,-98.8729461327617,36.7708675261212,346
77,"Woodward",2007,2.74,-99.260005758032,36.416401211778,271.5
1,"Adair",2008,2.69,-94.6641458915974,35.9069668367649,265.5
2,"Alfalfa",2008,0,-98.32320857933,36.7309255630188,14
3,"Atoka",2008,1.06,-96.0420499703509,34.3809870625568,75
4,"Beaver",2008,NA,-100.474745176143,36.7458468405142,438
5,"Beckham",2008,1.17,-99.686661710574,35.2696357540839,83
6,"Blaine",2008,2.44,-98.4243959224942,35.8688113906142,234.5
7,"Bryan",2008,0.71,-96.2558008293072,33.9616831096468,52
8,"Caddo",2008,6.82,-98.3718783669626,35.177793720151,423
9,"Canadian",2008,1.93,-97.9753768794938,35.5340567548489,165.5
10,"Carter",2008,3.44,-97.2729492125733,34.2546712262712,331
11,"Cherokee",2008,1.74,-95.0103824561735,35.9355360744063,138.5
12,"Choctaw",2008,2.08,-95.5473573813567,34.0538123875066,184
13,"Cimarron",2008,0,-102.512063683289,36.7373650133402,14
14,"Cleveland",2008,1.86,-97.3299363042633,35.2012061949784,155.5
15,"Coal",2008,3.41,-96.2861224539074,34.5953455038142,328.5
16,"Comanche",2008,3.73,-98.4691943985634,34.6655369286933,349
17,"Cotton",2008,0,-98.368786919333,34.2918378918678,14
18,"Craig",2008,2.66,-95.2160886407782,36.7853186104569,260.5
19,"Creek",2008,3.98,-96.3651747616148,35.8984115595445,355
20,"Custer",2008,5.2,-98.9947255933091,35.6355925726426,397
21,"Delaware",2008,0.6,-94.8114064665649,36.4330750413896,47
22,"Dewey",2008,1.96,-99.0026276338638,35.9860641060811,172
23,"Ellis",2008,2.17,-99.7541920843861,36.2085544939542,205.5
24,"Garfield",2008,1.14,-97.7785191348422,36.3678657387894,81
25,"Garvin",2008,2.91,-97.3023768608149,34.7103145563251,287
26,"Grady",2008,3.33,-97.8800824410339,35.0140335742845,322.5
27,"Grant",2008,0,-97.7845052708135,36.7906959570334,14
28,"Greer",2008,1.5,-99.5593444200064,34.9427664878966,109.5
29,"Harmon",2008,NA,-99.8462629867067,34.7474029014696,439
30,"Harper",2008,NA,-99.6718629310338,36.7775045477641,440
31,"Haskell",2008,4.07,-95.1194074966018,35.2553093637869,361.5
32,"Hughes",2008,1.92,-96.2384521145052,35.0526183366767,163.5
33,"Jackson",2008,3.04,-99.4153765114804,34.5917941766762,301
34,"Jefferson",2008,3.36,-97.8233420069576,34.1110896977992,326.5
35,"Johnston",2008,0.7,-96.6493986247792,34.3187259845145,50
36,"Kay",2008,1.8,-97.1487308209393,36.8197603838225,149
37,"Kingfisher",2008,2.2,-97.9367093480735,35.934131116842,210
38,"Kiowa",2008,1.96,-98.9722460102744,34.9187670789366,172
39,"Latimer",2008,2.1,-95.2557710119632,34.9067885471894,191.5
40,"Le Flore",2008,0.55,-94.7111774971803,34.9299511687652,41
41,"Lincoln",2008,1.62,-96.8794645451841,35.69193772589,121.5
42,"Logan",2008,2.22,-97.4379547025155,35.9055803786812,217
43,"Love",2008,0,-97.2337960481928,34.0006399600389,14
47,"Major",2008,2.21,-98.524560069483,36.3106916876361,213.5
48,"Marshall",2008,1.17,-96.7563551232226,34.0264118585759,83
49,"Mayes",2008,3.44,-95.2377239906663,36.3337424158728,331
44,"McClain",2008,1.86,-97.4331745941108,35.0031201393918,155.5
45,"McCurtain",2008,0.57,-94.7840344331028,34.1452341840507,44
46,"McIntosh",2008,5.23,-95.6644800921539,35.398840067242,398
50,"Murray",2008,1.5,-97.0572913816591,34.4888457946869,109.5
51,"Muskogee",2008,3.28,-95.3855658011359,35.6427027662025,315.5
52,"Noble",2008,2.65,-97.2279763724569,36.3855065817112,256.5
53,"Nowata",2008,0.88,-95.6260913238725,36.8198423472456,60.5
54,"Okfuskee",2008,3.08,-96.3097295106855,35.4641810903221,304
55,"Oklahoma",2008,2.74,-97.4049770992058,35.5394523331614,271.5
56,"Okmulgee",2008,2.9,-95.9607718994239,35.6570209142237,284.5
57,"Osage",2008,2.42,-96.4045798127983,36.634052844886,232
58,"Ottawa",2008,1.07,-94.8180540321859,36.8552992868479,76.5
59,"Pawnee",2008,2.08,-96.6990049468818,36.3168088803122,184
60,"Payne",2008,1.11,-96.9751478239377,36.0693458141458,80
61,"Pittsburg",2008,1.45,-95.7439797251411,34.9488015969789,105
62,"Pontotoc",2008,2.05,-96.674562329413,34.7307576005793,181
63,"Pottawatomie",2008,4.09,-96.9445206954569,35.3015638806384,365
64,"Pushmataha",2008,2.34,-95.3842741209906,34.4497873058268,224.5
65,"Roger Mills",2008,NA,-99.6999273109391,35.6831343827393,441
66,"Rogers",2008,3.2,-95.6121330018314,36.3979046759883,310.5
67,"Seminole",2008,3.72,-96.6001413613621,35.1681506005071,347.5
68,"Sequoyah",2008,0.36,-94.760490800755,35.5205440172208,33.5
69,"Stephens",2008,2.9,-97.8463715950095,34.4843230918468,284.5
70,"Texas",2008,2.02,-101.477803361668,36.7450721534074,177.5
71,"Tillman",2008,NA,-98.921205231615,34.3753490926514,442
72,"Tulsa",2008,3.28,-95.9428049690609,36.1338366907781,315.5
73,"Wagoner",2008,1.08,-95.5384179113774,35.9858739766272,78
74,"Washington",2008,3.31,-95.9132782566878,36.7270298442834,318.5
75,"Washita",2008,4.78,-98.9917075036666,35.2907305029854,384
76,"Woods",2008,1.85,-98.8729461327617,36.7708675261212,152.5
77,"Woodward",2008,3.65,-99.260005758032,36.416401211778,343.5
1,"Adair",2009,3.23,-94.6641458915974,35.9069668367649,312
2,"Alfalfa",2009,5.46,-98.32320857933,36.7309255630188,402
3,"Atoka",2009,0.35,-96.0420499703509,34.3809870625568,32
4,"Beaver",2009,NA,-100.474745176143,36.7458468405142,443
5,"Beckham",2009,1.56,-99.686661710574,35.2696357540839,117
6,"Blaine",2009,3.25,-98.4243959224942,35.8688113906142,313.5
7,"Bryan",2009,1.07,-96.2558008293072,33.9616831096468,76.5
8,"Caddo",2009,6.51,-98.3718783669626,35.177793720151,418.5
9,"Canadian",2009,1.51,-97.9753768794938,35.5340567548489,114
10,"Carter",2009,4.65,-97.2729492125733,34.2546712262712,380.5
11,"Cherokee",2009,1.22,-95.0103824561735,35.9355360744063,88
12,"Choctaw",2009,3.46,-95.5473573813567,34.0538123875066,333.5
13,"Cimarron",2009,0,-102.512063683289,36.7373650133402,14
14,"Cleveland",2009,2.34,-97.3299363042633,35.2012061949784,224.5
15,"Coal",2009,1.7,-96.2861224539074,34.5953455038142,134
16,"Comanche",2009,3.47,-98.4691943985634,34.6655369286933,335
17,"Cotton",2009,4.01,-98.368786919333,34.2918378918678,357
18,"Craig",2009,0.89,-95.2160886407782,36.7853186104569,62
19,"Creek",2009,2.5,-96.3651747616148,35.8984115595445,240.5
20,"Custer",2009,2,-98.9947255933091,35.6355925726426,175
21,"Delaware",2009,0.75,-94.8114064665649,36.4330750413896,56
22,"Dewey",2009,1.96,-99.0026276338638,35.9860641060811,172
23,"Ellis",2009,0,-99.7541920843861,36.2085544939542,14
24,"Garfield",2009,3.04,-97.7785191348422,36.3678657387894,301
25,"Garvin",2009,2.65,-97.3023768608149,34.7103145563251,256.5
26,"Grady",2009,2.12,-97.8800824410339,35.0140335742845,199.5
27,"Grant",2009,3.34,-97.7845052708135,36.7906959570334,324.5
28,"Greer",2009,2.99,-99.5593444200064,34.9427664878966,295
29,"Harmon",2009,NA,-99.8462629867067,34.7474029014696,444
30,"Harper",2009,NA,-99.6718629310338,36.7775045477641,445
31,"Haskell",2009,1.02,-95.1194074966018,35.2553093637869,70
32,"Hughes",2009,1.92,-96.2384521145052,35.0526183366767,163.5
33,"Jackson",2009,1.93,-99.4153765114804,34.5917941766762,165.5
34,"Jefferson",2009,8.4,-97.8233420069576,34.1110896977992,428.5
35,"Johnston",2009,1.4,-96.6493986247792,34.3187259845145,101
36,"Kay",2009,1.35,-97.1487308209393,36.8197603838225,94.5
37,"Kingfisher",2009,4.4,-97.9367093480735,35.934131116842,372.5
38,"Kiowa",2009,5.88,-98.9722460102744,34.9187670789366,412
39,"Latimer",2009,0,-95.2557710119632,34.9067885471894,14
40,"Le Flore",2009,0.55,-94.7111774971803,34.9299511687652,41
41,"Lincoln",2009,1.89,-96.8794645451841,35.69193772589,158
42,"Logan",2009,1.3,-97.4379547025155,35.9055803786812,90.5
43,"Love",2009,2.1,-97.2337960481928,34.0006399600389,191.5
47,"Major",2009,2.21,-98.524560069483,36.3106916876361,213.5
48,"Marshall",2009,2.34,-96.7563551232226,34.0264118585759,224.5
49,"Mayes",2009,2.86,-95.2377239906663,36.3337424158728,283
44,"McClain",2009,0.74,-97.4331745941108,35.0031201393918,54.5
45,"McCurtain",2009,0.57,-94.7840344331028,34.1452341840507,44
46,"McIntosh",2009,4.65,-95.6644800921539,35.398840067242,380.5
50,"Murray",2009,1.5,-97.0572913816591,34.4888457946869,109.5
51,"Muskogee",2009,1.75,-95.3855658011359,35.6427027662025,140
52,"Noble",2009,1.77,-97.2279763724569,36.3855065817112,146.5
53,"Nowata",2009,1.76,-95.6260913238725,36.8198423472456,143
54,"Okfuskee",2009,3.08,-96.3097295106855,35.4641810903221,304
55,"Oklahoma",2009,2.64,-97.4049770992058,35.5394523331614,252
56,"Okmulgee",2009,4.06,-95.9607718994239,35.6570209142237,359
57,"Osage",2009,1.73,-96.4045798127983,36.634052844886,137
58,"Ottawa",2009,0.21,-94.8180540321859,36.8552992868479,29
59,"Pawnee",2009,1.66,-96.6990049468818,36.3168088803122,125.5
60,"Payne",2009,2.64,-96.9751478239377,36.0693458141458,252
61,"Pittsburg",2009,2.18,-95.7439797251411,34.9488015969789,207.5
62,"Pontotoc",2009,3.08,-96.674562329413,34.7307576005793,304
63,"Pottawatomie",2009,4.09,-96.9445206954569,35.3015638806384,365
64,"Pushmataha",2009,0.58,-95.3842741209906,34.4497873058268,46
65,"Roger Mills",2009,NA,-99.6999273109391,35.6831343827393,446
66,"Rogers",2009,2.49,-95.6121330018314,36.3979046759883,238
67,"Seminole",2009,6.61,-96.6001413613621,35.1681506005071,420
68,"Sequoyah",2009,0.36,-94.760490800755,35.5205440172208,33.5
69,"Stephens",2009,3.11,-97.8463715950095,34.4843230918468,306
70,"Texas",2009,0,-101.477803361668,36.7450721534074,14
71,"Tillman",2009,NA,-98.921205231615,34.3753490926514,447
72,"Tulsa",2009,2.94,-95.9428049690609,36.1338366907781,290.5
73,"Wagoner",2009,1.4,-95.5384179113774,35.9858739766272,101
74,"Washington",2009,5.29,-95.9132782566878,36.7270298442834,399
75,"Washita",2009,4.78,-98.9917075036666,35.2907305029854,384
76,"Woods",2009,1.85,-98.8729461327617,36.7708675261212,152.5
77,"Woodward",2009,1.37,-99.260005758032,36.416401211778,98
1,"Adair",2010,2.42,-94.6641458915974,35.9069668367649,232
2,"Alfalfa",2010,1.36,-98.32320857933,36.7309255630188,96.5
3,"Atoka",2010,0,-96.0420499703509,34.3809870625568,14
4,"Beaver",2010,NA,-100.474745176143,36.7458468405142,448
5,"Beckham",2010,3.9,-99.686661710574,35.2696357540839,353
6,"Blaine",2010,3.25,-98.4243959224942,35.8688113906142,313.5
7,"Bryan",2010,1.79,-96.2558008293072,33.9616831096468,148
8,"Caddo",2010,2.48,-98.3718783669626,35.177793720151,236
9,"Canadian",2010,1.76,-97.9753768794938,35.5340567548489,143
10,"Carter",2010,3.44,-97.2729492125733,34.2546712262712,331
11,"Cherokee",2010,2.09,-95.0103824561735,35.9355360744063,186
12,"Choctaw",2010,2.77,-95.5473573813567,34.0538123875066,275
13,"Cimarron",2010,0,-102.512063683289,36.7373650133402,14
14,"Cleveland",2010,2,-97.3299363042633,35.2012061949784,175
15,"Coal",2010,1.7,-96.2861224539074,34.5953455038142,134
16,"Comanche",2010,2.69,-98.4691943985634,34.6655369286933,265.5
17,"Cotton",2010,1.34,-98.368786919333,34.2918378918678,93
18,"Craig",2010,3.55,-95.2160886407782,36.7853186104569,338.5
19,"Creek",2010,4.57,-96.3651747616148,35.8984115595445,378
20,"Custer",2010,4,-98.9947255933091,35.6355925726426,356
21,"Delaware",2010,1.2,-94.8114064665649,36.4330750413896,87
22,"Dewey",2010,0,-99.0026276338638,35.9860641060811,14
23,"Ellis",2010,2.17,-99.7541920843861,36.2085544939542,205.5
24,"Garfield",2010,2.66,-97.7785191348422,36.3678657387894,260.5
25,"Garvin",2010,1.85,-97.3023768608149,34.7103145563251,152.5
26,"Grady",2010,3.63,-97.8800824410339,35.0140335742845,341
27,"Grant",2010,0,-97.7845052708135,36.7906959570334,14
28,"Greer",2010,5.99,-99.5593444200064,34.9427664878966,416
29,"Harmon",2010,NA,-99.8462629867067,34.7474029014696,449
30,"Harper",2010,NA,-99.6718629310338,36.7775045477641,450
31,"Haskell",2010,1.02,-95.1194074966018,35.2553093637869,70
32,"Hughes",2010,4.31,-96.2384521145052,35.0526183366767,369
33,"Jackson",2010,2.21,-99.4153765114804,34.5917941766762,213.5
34,"Jefferson",2010,5.04,-97.8233420069576,34.1110896977992,395
35,"Johnston",2010,2.81,-96.6493986247792,34.3187259845145,279.5
36,"Kay",2010,1.35,-97.1487308209393,36.8197603838225,94.5
37,"Kingfisher",2010,1.1,-97.9367093480735,35.934131116842,79
38,"Kiowa",2010,0.98,-98.9722460102744,34.9187670789366,64.5
39,"Latimer",2010,1.4,-95.2557710119632,34.9067885471894,101
40,"Le Flore",2010,0.14,-94.7111774971803,34.9299511687652,28
41,"Lincoln",2010,2.97,-96.8794645451841,35.69193772589,293.5
42,"Logan",2010,1.3,-97.4379547025155,35.9055803786812,90.5
43,"Love",2010,1.05,-97.2337960481928,34.0006399600389,73
47,"Major",2010,0,-98.524560069483,36.3106916876361,14
48,"Marshall",2010,0.78,-96.7563551232226,34.0264118585759,57.5
49,"Mayes",2010,2.1,-95.2377239906663,36.3337424158728,191.5
44,"McClain",2010,4.83,-97.4331745941108,35.0031201393918,387
45,"McCurtain",2010,0.28,-94.7840344331028,34.1452341840507,30.5
46,"McIntosh",2010,2.32,-95.6644800921539,35.398840067242,222
50,"Murray",2010,3,-97.0572913816591,34.4888457946869,297.5
51,"Muskogee",2010,1.31,-95.3855658011359,35.6427027662025,92
52,"Noble",2010,2.65,-97.2279763724569,36.3855065817112,256.5
53,"Nowata",2010,1.76,-95.6260913238725,36.8198423472456,143
54,"Okfuskee",2010,2.05,-96.3097295106855,35.4641810903221,181
55,"Oklahoma",2010,2.74,-97.4049770992058,35.5394523331614,271.5
56,"Okmulgee",2010,5.8,-95.9607718994239,35.6570209142237,409
57,"Osage",2010,1.9,-96.4045798127983,36.634052844886,160
58,"Ottawa",2010,1.71,-94.8180540321859,36.8552992868479,136
59,"Pawnee",2010,1.66,-96.6990049468818,36.3168088803122,125.5
60,"Payne",2010,0.83,-96.9751478239377,36.0693458141458,59
61,"Pittsburg",2010,2.55,-95.7439797251411,34.9488015969789,244
62,"Pontotoc",2010,2.39,-96.674562329413,34.7307576005793,229
63,"Pottawatomie",2010,3.64,-96.9445206954569,35.3015638806384,342
64,"Pushmataha",2010,2.34,-95.3842741209906,34.4497873058268,224.5
65,"Roger Mills",2010,NA,-99.6999273109391,35.6831343827393,451
66,"Rogers",2010,2.61,-95.6121330018314,36.3979046759883,247.5
67,"Seminole",2010,4.13,-96.6001413613621,35.1681506005071,368
68,"Sequoyah",2010,0,-94.760490800755,35.5205440172208,14
69,"Stephens",2010,5.39,-97.8463715950095,34.4843230918468,401
70,"Texas",2010,1.01,-101.477803361668,36.7450721534074,67
71,"Tillman",2010,NA,-98.921205231615,34.3753490926514,452
72,"Tulsa",2010,2.78,-95.9428049690609,36.1338366907781,276
73,"Wagoner",2010,1.62,-95.5384179113774,35.9858739766272,121.5
74,"Washington",2010,3.31,-95.9132782566878,36.7270298442834,318.5
75,"Washita",2010,4.78,-98.9917075036666,35.2907305029854,384
76,"Woods",2010,5.54,-98.8729461327617,36.7708675261212,403
77,"Woodward",2010,3.65,-99.260005758032,36.416401211778,343.5
1,"Adair",2011,2.69,-94.6641458915974,35.9069668367649,265.5
2,"Alfalfa",2011,0,-98.32320857933,36.7309255630188,14
3,"Atoka",2011,2.12,-96.0420499703509,34.3809870625568,199.5
4,"Beaver",2011,NA,-100.474745176143,36.7458468405142,453
5,"Beckham",2011,3.12,-99.686661710574,35.2696357540839,307.5
6,"Blaine",2011,4.88,-98.4243959224942,35.8688113906142,390
7,"Bryan",2011,2.14,-96.2558008293072,33.9616831096468,203
8,"Caddo",2011,4.65,-98.3718783669626,35.177793720151,380.5
9,"Canadian",2011,1.68,-97.9753768794938,35.5340567548489,131
10,"Carter",2011,2.83,-97.2729492125733,34.2546712262712,281
11,"Cherokee",2011,2.62,-95.0103824561735,35.9355360744063,249.5
12,"Choctaw",2011,3.46,-95.5473573813567,34.0538123875066,333.5
13,"Cimarron",2011,0,-102.512063683289,36.7373650133402,14
14,"Cleveland",2011,1.95,-97.3299363042633,35.2012061949784,169
15,"Coal",2011,0,-96.2861224539074,34.5953455038142,14
16,"Comanche",2011,3.12,-98.4691943985634,34.6655369286933,307.5
17,"Cotton",2011,2.67,-98.368786919333,34.2918378918678,262.5
18,"Craig",2011,0.44,-95.2160886407782,36.7853186104569,37
19,"Creek",2011,2.5,-96.3651747616148,35.8984115595445,240.5
20,"Custer",2011,1.6,-98.9947255933091,35.6355925726426,119
21,"Delaware",2011,1.65,-94.8114064665649,36.4330750413896,123
22,"Dewey",2011,0,-99.0026276338638,35.9860641060811,14
23,"Ellis",2011,6.51,-99.7541920843861,36.2085544939542,418.5
24,"Garfield",2011,3.04,-97.7785191348422,36.3678657387894,301
25,"Garvin",2011,2.12,-97.3023768608149,34.7103145563251,199.5
26,"Grady",2011,3.33,-97.8800824410339,35.0140335742845,322.5
27,"Grant",2011,6.69,-97.7845052708135,36.7906959570334,421.5
28,"Greer",2011,1.5,-99.5593444200064,34.9427664878966,109.5
29,"Harmon",2011,NA,-99.8462629867067,34.7474029014696,454
30,"Harper",2011,NA,-99.6718629310338,36.7775045477641,455
31,"Haskell",2011,0,-95.1194074966018,35.2553093637869,14
32,"Hughes",2011,5.75,-96.2384521145052,35.0526183366767,407.5
33,"Jackson",2011,2.76,-99.4153765114804,34.5917941766762,274
34,"Jefferson",2011,1.68,-97.8233420069576,34.1110896977992,131
35,"Johnston",2011,0.7,-96.6493986247792,34.3187259845145,50
36,"Kay",2011,2.1,-97.1487308209393,36.8197603838225,191.5
37,"Kingfisher",2011,2.2,-97.9367093480735,35.934131116842,210
38,"Kiowa",2011,10.78,-98.9722460102744,34.9187670789366,432
39,"Latimer",2011,2.1,-95.2557710119632,34.9067885471894,191.5
40,"Le Flore",2011,0.41,-94.7111774971803,34.9299511687652,36
41,"Lincoln",2011,4.32,-96.8794645451841,35.69193772589,370
42,"Logan",2011,0.74,-97.4379547025155,35.9055803786812,54.5
43,"Love",2011,1.05,-97.2337960481928,34.0006399600389,73
47,"Major",2011,0,-98.524560069483,36.3106916876361,14
48,"Marshall",2011,0.78,-96.7563551232226,34.0264118585759,57.5
49,"Mayes",2011,2.1,-95.2377239906663,36.3337424158728,191.5
44,"McClain",2011,2.6,-97.4331745941108,35.0031201393918,245.5
45,"McCurtain",2011,0.57,-94.7840344331028,34.1452341840507,44
46,"McIntosh",2011,1.74,-95.6644800921539,35.398840067242,138.5
50,"Murray",2011,3,-97.0572913816591,34.4888457946869,297.5
51,"Muskogee",2011,2.4,-95.3855658011359,35.6427027662025,230
52,"Noble",2011,0.88,-97.2279763724569,36.3855065817112,60.5
53,"Nowata",2011,2.64,-95.6260913238725,36.8198423472456,252
54,"Okfuskee",2011,5.64,-96.3097295106855,35.4641810903221,404
55,"Oklahoma",2011,3,-97.4049770992058,35.5394523331614,297.5
56,"Okmulgee",2011,4.06,-95.9607718994239,35.6570209142237,359
57,"Osage",2011,1.9,-96.4045798127983,36.634052844886,160
58,"Ottawa",2011,1.28,-94.8180540321859,36.8552992868479,89
59,"Pawnee",2011,2.08,-96.6990049468818,36.3168088803122,184
60,"Payne",2011,1.67,-96.9751478239377,36.0693458141458,128.5
61,"Pittsburg",2011,2,-95.7439797251411,34.9488015969789,175
62,"Pontotoc",2011,4.79,-96.674562329413,34.7307576005793,386
63,"Pottawatomie",2011,3.94,-96.9445206954569,35.3015638806384,354
64,"Pushmataha",2011,4.09,-95.3842741209906,34.4497873058268,365
65,"Roger Mills",2011,NA,-99.6999273109391,35.6831343827393,456
66,"Rogers",2011,2.37,-95.6121330018314,36.3979046759883,227.5
67,"Seminole",2011,4.96,-96.6001413613621,35.1681506005071,392.5
68,"Sequoyah",2011,0.73,-94.760490800755,35.5205440172208,53
69,"Stephens",2011,3.32,-97.8463715950095,34.4843230918468,321
70,"Texas",2011,2.02,-101.477803361668,36.7450721534074,177.5
71,"Tillman",2011,NA,-98.921205231615,34.3753490926514,457
72,"Tulsa",2011,2.61,-95.9428049690609,36.1338366907781,247.5
73,"Wagoner",2011,2.37,-95.5384179113774,35.9858739766272,227.5
74,"Washington",2011,2.2,-95.9132782566878,36.7270298442834,210
75,"Washita",2011,1.19,-98.9917075036666,35.2907305029854,85.5
76,"Woods",2011,1.85,-98.8729461327617,36.7708675261212,152.5
77,"Woodward",2011,5.94,-99.260005758032,36.416401211778,414
1,"Adair",2012,1.88,-94.6641458915974,35.9069668367649,157
2,"Alfalfa",2012,4.09,-98.32320857933,36.7309255630188,365
3,"Atoka",2012,1.76,-96.0420499703509,34.3809870625568,143
4,"Beaver",2012,NA,-100.474745176143,36.7458468405142,458
5,"Beckham",2012,1.56,-99.686661710574,35.2696357540839,117
6,"Blaine",2012,2.44,-98.4243959224942,35.8688113906142,234.5
7,"Bryan",2012,5.72,-96.2558008293072,33.9616831096468,406
8,"Caddo",2012,4.34,-98.3718783669626,35.177793720151,371
9,"Canadian",2012,2.1,-97.9753768794938,35.5340567548489,191.5
10,"Carter",2012,7.08,-97.2729492125733,34.2546712262712,426
11,"Cherokee",2012,3.14,-95.0103824561735,35.9355360744063,309
12,"Choctaw",2012,1.39,-95.5473573813567,34.0538123875066,99
13,"Cimarron",2012,4.48,-102.512063683289,36.7373650133402,377
14,"Cleveland",2012,2.05,-97.3299363042633,35.2012061949784,181
15,"Coal",2012,1.7,-96.2861224539074,34.5953455038142,134
16,"Comanche",2012,2.51,-98.4691943985634,34.6655369286933,242
17,"Cotton",2012,0,-98.368786919333,34.2918378918678,14
18,"Craig",2012,3.55,-95.2160886407782,36.7853186104569,338.5
19,"Creek",2012,3.68,-96.3651747616148,35.8984115595445,345
20,"Custer",2012,2.8,-98.9947255933091,35.6355925726426,277.5
21,"Delaware",2012,1.5,-94.8114064665649,36.4330750413896,109.5
22,"Dewey",2012,5.88,-99.0026276338638,35.9860641060811,412
23,"Ellis",2012,0,-99.7541920843861,36.2085544939542,14
24,"Garfield",2012,4.93,-97.7785191348422,36.3678657387894,391
25,"Garvin",2012,2.65,-97.3023768608149,34.7103145563251,256.5
26,"Grady",2012,4.84,-97.8800824410339,35.0140335742845,388
27,"Grant",2012,6.69,-97.7845052708135,36.7906959570334,421.5
28,"Greer",2012,1.5,-99.5593444200064,34.9427664878966,109.5
29,"Harmon",2012,NA,-99.8462629867067,34.7474029014696,459
30,"Harper",2012,NA,-99.6718629310338,36.7775045477641,460
31,"Haskell",2012,1.02,-95.1194074966018,35.2553093637869,70
32,"Hughes",2012,5.75,-96.2384521145052,35.0526183366767,407.5
33,"Jackson",2012,1.66,-99.4153765114804,34.5917941766762,125.5
34,"Jefferson",2012,8.4,-97.8233420069576,34.1110896977992,428.5
35,"Johnston",2012,2.81,-96.6493986247792,34.3187259845145,279.5
36,"Kay",2012,2.1,-97.1487308209393,36.8197603838225,191.5
37,"Kingfisher",2012,4.4,-97.9367093480735,35.934131116842,372.5
38,"Kiowa",2012,6.86,-98.9722460102744,34.9187670789366,424
39,"Latimer",2012,0.7,-95.2557710119632,34.9067885471894,50
40,"Le Flore",2012,0.28,-94.7111774971803,34.9299511687652,30.5
41,"Lincoln",2012,3.78,-96.8794645451841,35.69193772589,351
42,"Logan",2012,2.22,-97.4379547025155,35.9055803786812,217
43,"Love",2012,2.1,-97.2337960481928,34.0006399600389,191.5
47,"Major",2012,0,-98.524560069483,36.3106916876361,14
48,"Marshall",2012,1.95,-96.7563551232226,34.0264118585759,169
49,"Mayes",2012,1.91,-95.2377239906663,36.3337424158728,162
44,"McClain",2012,4.46,-97.4331745941108,35.0031201393918,376
45,"McCurtain",2012,1.42,-94.7840344331028,34.1452341840507,104
46,"McIntosh",2012,2.91,-95.6644800921539,35.398840067242,287
50,"Murray",2012,5.99,-97.0572913816591,34.4888457946869,416
51,"Muskogee",2012,2.18,-95.3855658011359,35.6427027662025,207.5
52,"Noble",2012,2.65,-97.2279763724569,36.3855065817112,256.5
53,"Nowata",2012,3.51,-95.6260913238725,36.8198423472456,337
54,"Okfuskee",2012,7.69,-96.3097295106855,35.4641810903221,427
55,"Oklahoma",2012,3.72,-97.4049770992058,35.5394523331614,347.5
56,"Okmulgee",2012,6.96,-95.9607718994239,35.6570209142237,425
57,"Osage",2012,2.94,-96.4045798127983,36.634052844886,290.5
58,"Ottawa",2012,1.5,-94.8180540321859,36.8552992868479,109.5
59,"Pawnee",2012,1.66,-96.6990049468818,36.3168088803122,125.5
60,"Payne",2012,2.22,-96.9751478239377,36.0693458141458,217
61,"Pittsburg",2012,3.82,-95.7439797251411,34.9488015969789,352
62,"Pontotoc",2012,5.81,-96.674562329413,34.7307576005793,410
63,"Pottawatomie",2012,4.09,-96.9445206954569,35.3015638806384,365
64,"Pushmataha",2012,1.17,-95.3842741209906,34.4497873058268,83
65,"Roger Mills",2012,NA,-99.6999273109391,35.6831343827393,461
66,"Rogers",2012,3.2,-95.6121330018314,36.3979046759883,310.5
67,"Seminole",2012,4.96,-96.6001413613621,35.1681506005071,392.5
68,"Sequoyah",2012,0.54,-94.760490800755,35.5205440172208,38.5
69,"Stephens",2012,4.98,-97.8463715950095,34.4843230918468,394
70,"Texas",2012,1.01,-101.477803361668,36.7450721534074,67
71,"Tillman",2012,NA,-98.921205231615,34.3753490926514,462
72,"Tulsa",2012,2.84,-95.9428049690609,36.1338366907781,282
73,"Wagoner",2012,1.94,-95.5384179113774,35.9858739766272,167
74,"Washington",2012,3.31,-95.9132782566878,36.7270298442834,318.5
75,"Washita",2012,10.75,-98.9917075036666,35.2907305029854,431
76,"Woods",2012,0,-98.8729461327617,36.7708675261212,14
77,"Woodward",2012,2.74,-99.260005758032,36.416401211778,271.5
